"PREC_IDENT","PREC_NAME","DISTRICT","POLLING_PL","ADDRESS","CITY","ZIP","SHAPE_AREA","SHAPE_LEN"
421,"KINGSTOWNE","Lee","HAYFIELD SECONDARY SCHOOL","7630 Telegraph Rd","Alexandria",22315,22539613.1563,23110.0641678
426,"GREENSPRING","Lee","Greenspring Conference Center","7430 Spring Village Dr","Springfield",22150,3962441.34551,10051.8735778
840,"WEST SPRINGFIELD","Springfield","West Springfield Elementary School","6802 Deland Dr","Springfield",22152,27860296.678,32432.6093797
825,"CHERRY RUN","Springfield","Cherry Run Elementary School","9732 Ironmaster Dr","Burke",22015,24459968.5363,24305.8852044
812,"VALLEY","Springfield","Rolling Valley Elementary School","6703 Barnack Dr","Springfield",22152,24091909.9794,28773.6851541
417,"GARFIELD","Lee","Garfield Elementary School","7101 Old Keene Mill Rd","Springfield",22150,69257207.1428,44064.7454192
842,"PARKWAY","Springfield","Burke Community Church","9900 Old Keene Mill Rd","Burke",22015,23277974.5099,22526.3283841
130,"TERRA CENTRE","Braddock","Terra Centre Elementary School","6000 Burke Centre Pky","Burke",22015,17885166.156,18348.3380207
129,"KEENE MILL","Braddock","Keene Mill Elementary School","6310 Bardu Ave","Springfield",22152,15366948.8077,23947.129849
827,"IRVING","Springfield","Irving Middle School","8100 Old Keene Mill Rd","Springfield",22152,26800038.58,28606.216675
833,"WHITE OAKS","Springfield","White Oaks Elementary School","6130 Shiplett Blvd","Burke",22015,25077969.0933,22588.5274847
415,"CRESTWOOD","Lee","Crestwood Elementary School","6010 Hanover Ave","Springfield",22150,33521523.4113,30434.8524094
128,"CARDINAL","Braddock","Cardinal Forest Elementary School","8600 Forrester Blvd","Springfield",22152,18921706.6986,43742.3434536
801,"BURKE","Springfield","West Springfield High School","6100 Rolling Rd","Springfield",22152,42720492.9603,34802.7742131
105,"FAIRVIEW","Braddock","Fairview Elementary School","5815 Ox Rd","Fairfax Station",22039,36107176.0779,25481.8917134
401,"BUSH HILL","Lee","Bush Hill Elementary School","5927 Westchester St","Alexandria",22310,38360125.5322,25391.3543626
402,"CAMERON","Lee","Cameron Elementary School","3434 Campbell Dr","Alexandria",22303,12552801.5516,16114.0725433
125,"SIGNAL HILL","Braddock","Lake Braddock Secondary School","9200 Burke Lake Rd","Burke",22015,28467930.4196,24415.8461892
119,"LAUREL","Braddock","Laurel Ridge Elementary School","10110 Commonwealth Blvd","Fairfax",22032,30237569.4406,25336.7724921
526,"BREN MAR","Mason","Bren Mar Park Elementary School","6344 Beryl Rd","Alexandria",22312,30548241.756,26866.842492
123,"ROBINSON","Braddock","Robinson Secondary School","5035 Sideburn Rd","Fairfax",22032,39823624.3708,27297.5485578
521,"BROOK HILL","Mason","Poe Middle School","7000 Cindy Ln","Annandale",22003,29850780.4302,26286.2623527
504,"BRISTOW","Mason","Annandale Terrace Elementary School","7604 Herald St","Annandale",22003,17290162.5001,17835.0548878
106,"HERITAGE","Braddock","Braddock Elementary School","7825 Heritage Dr","Annandale",22003,21019152.1533,22553.3039697
104,"CHAPEL","Braddock","Nancy F. Sprague Technology Center","4414 Holborn Ave.","Annandale",22003,44111903.1373,29296.5916218
116,"WAKEFIELD","Braddock","Wakefield Forest Elementary School","4011 Iva Ln","Fairfax",22032,24244154.9342,21634.022631
528,"RIDGELEA","Mason","Bethlehem Lutheran Church","8922 Little River Tpk","Fairfax",22031,17381471.5291,24275.0836378
923,"BULL RUN","Sully","Bull Run Elementary School","15301 Lee Hwy","Centreville",20121,226303291.472,94173.6110807
928,"POPLAR TREE","Sully","Poplar Tree Elementary School","13440 Melville Ln","Chantilly",20151,34652488.8164,32064.071024
515,"WESTLAWN","Mason","Westlawn Elementary School","3200 Westley Rd","Falls Church",22042,11080364.6614,13985.7584416
705,"GRAHAM-GREENWAY","Providence","Graham Road Elementary School","2831 Graham Rd","Falls Church",22042,23681797.9802,21561.5319609
903,"CUB RUN","Sully","Cub Run Elementary School","5301 Sully Station Dr","Centreville",20120,29842269.9797,24517.7194302
846,"GREENBRIAR EAST","Springfield","Greenbriar East Elementary School","13006 Point Pleasant Dr","Fairfax",22033,20082788.3712,21433.436538
913,"ROCKY RUN","Sully","Rocky Run Middle School","4400 Stringfellow Rd","Chantilly",20151,71729302.5108,42943.818128
847,"GREENBRIAR WEST","Springfield","Greenbriar West Elementary School","13300 Poplar Tree Rd","Fairfax",22033,19696222.3392,19862.1792057
915,"VIRGINIA RUN","Sully","Virginia Run Elementary School","15450 Martins Hundred Dr","Centreville",20120,139381105.757,60867.9486305
720,"THOREAU","Providence","Thoreau Middle School","2505 Cedar Ln","Vienna",22180,17539355.3153,18420.4975929
730,"PENDERBROOK","Providence","Penderbrook Community Center","3704 Golf Trail Ln","Fairfax",22033,53464467.9786,38485.5589906
317,"WESTHAMPTON","Dranesville","Lemon Road Elementary School","7230 Idylwood Rd","Falls Church",22043,27283820.1817,30785.9490797
307,"HAYCOCK","Dranesville","Haycock Elementary School","6616 Haycock Rd","Falls Church",22043,19870762.4614,22985.0778341
312,"LONGFELLOW","Dranesville","Longfellow Middle School","2000 Westmoreland St","Falls Church",22043,26909294.3857,27353.1760406
714,"WALKER","Providence","Fairhill Elementary School","3001 Chichester Ln","Fairfax",22031,31485857.0204,26065.8384283
315,"PIMMIT","Dranesville","Pimmit Hills Center","7510 Lisle Ave","Falls Church",22043,28953145.4535,23194.6942041
310,"KIRBY","Dranesville","McLean High School","1633 Davidson Rd","McLean",22101,22104899.3742,20317.4055238
305,"EL NIDO","Dranesville","Chesterbrook Elementary School","1753 Kirby Rd","McLean",22101,25864911.3981,30939.7175642
318,"WESTMORELAND","Dranesville","Kent Gardens Elementary School","1717 Melbourne Dr","McLean",22101,15255364.1823,18564.44935
302,"CHESTERBROOK","Dranesville","SAINT DUNSTAN'S EPISCOPAL CHURCH","1830 Kirby Rd","McLean",22101,31692634.6308,25664.0495801
323,"SHOUSE","Dranesville","Colvin Run Elementary School","1400 Trap Rd","Vienna",22182,48872491.4884,31145.5023652
419,"LANE","Lee","Lane Elementary School","7137 Beulah St","Alexandria",22315,28683906.5762,29223.000184
710,"PINE SPRING","Providence","Pine Spring Elementary School","7607 Willow Ln","Falls Church",22042,20451709.0757,19521.9689949
221,"HUNTERS WOODS","Hunter Mill","Hunters Woods Elementary School","2401 Colts Neck Rd","Reston",20191,72756077.408,57655.5439304
219,"WESTBRIAR","Hunter Mill","Westbriar Elementary School","1741 Pine Valley Dr","Vienna",22182,50900711.3017,46138.967884
120,"SIDEBURN","Braddock","Oak View Elementary School","5004 Sideburn Rd","Fairfax",22032,31175456.3228,29681.9536723
522,"CAMELOT","Mason","Camelot Elementary School","8100 Guinevere Dr","Annandale",22003,25734506.9423,23897.2900778
223,"GLADE","Hunter Mill","Reston Community Center","2310 Colts Neck Rd","Reston",20191,41299900.7702,51142.326608
409,"PIONEER","Lee","Lee High School","6540 Franconia Rd","Springfield",22150,83942512.43,62945.2119568
519,"HUMMER","Mason","Fred Packard Center","4022 Hummer Rd","Annandale",22003,22793180.7259,20533.5599655
625,"LORTON CENTER","Mount Vernon","Grace Bible Church","9115 Lorton Station Blvd","Lorton",22079,40968384.0566,33791.2249121
510,"PARKLAWN","Mason","Parklawn Elementary School","4116 Braddock Rd","Alexandria",22312,25176334.0608,26388.6240058
845,"FOUNTAINHEAD","Springfield","Silverbrook Elementary School","9350 Crosspointe Dr","Fairfax Station",22039,340057698.284,97184.6933969
838,"SANGSTER","Springfield","Sangster Elementary School","7420 Reservation Dr","Springfield",22153,23348707.035,27487.7676582
126,"BONNIE BRAE","Braddock","Bonnie Brae Elementary School","5420 Sideburn Rd","Fairfax",22032,17575595.6592,18568.9263291
726,"MAGARITY","Providence","Westgate Elementary School","7500 Magarity Rd","Falls Church",22043,22591056.9411,21295.6832913
901,"CENTRE RIDGE","Sully","Centre Ridge Elementary School","14400 New Braddock Rd","Centreville",20121,27908261.5054,22665.5650352
424,"HUNTLEY","Lee","Groveton Elementary School","6900 Harrison Ln","Alexandria",22306,81231172.1828,44089.2045119
523,"POE","Mason","Thomas Jefferson High School","6560 Braddock Rd","Alexandria",22312,31450850.0354,23885.6359323
707,"MANTUA","Providence","Fairfax Circle Baptist Church","3110 Chichester Ln","Fairfax",22031,36151026.0306,27655.0352041
918,"CENTREVILLE","Sully","Centreville Adult Education Center","5775 Spindle Ct","Centreville",20121,27384953.1881,23792.5491529
517,"WILLSTON","Mason","Willston Instructional Center","6131 Willston Dr","Falls Church",22044,11335132.6811,20505.5793572
227,"SUNRISE VALLEY","Hunter Mill","Sunrise Valley Elementary School","10824 Cross School Rd","Reston",20191,40921708.0304,32474.5451742
733,"KILMER","Providence","Kilmer Middle School","8100 Wolftrap Rd","Vienna",22182,34535865.0699,28233.4593685
925,"OLD MILL","Sully","Centreville United Methodist Church","6400 Old Centreville Rd","Centreville",20121,62359969.3347,45467.6505255
418,"LYNBROOK","Lee","Lynbrook Elementary School","5801 Backlick Rd","Springfield",22150,23295804.6559,25284.7645654
713,"TIMBER LANE","Providence","Timber Lane Elementary School","2737 West St","Falls Church",22046,32006522.2938,28397.7915218
615,"WOODLEY","Mount Vernon","Woodley Hills Elementary School","8718 Old Mt. Vernon Rd","Alexandria",22309,36047323.3037,28165.5140624
824,"ORANGE","Springfield","Orange Hunt Elementary School","6820 Sydenstricker Rd","Springfield",22152,31726919.8157,25798.7167397
711,"PRICE","Providence","Mantua Elementary School","9107 Horner Ct","Fairfax",22031,22432573.2337,23660.1797217
612,"WAYNEWOOD","Mount Vernon","Waynewood Elementary School","1205 Waynewood Blvd","Alexandria",22308,12086443.9877,14102.9897588
507,"LINCOLNIA","Mason","Green Spring Gardens Park","4603 Green Spring Rd","Alexandria",22312,30205400.6339,25764.4618126
911,"NAVY","Sully","Navy Elementary School","3500 West Ox Rd","Fairfax",22033,41483575.8695,32453.4694444
226,"WOLFTRAP","Hunter Mill","Wolftrap Elementary School","1903 Beulah Rd","Vienna",22182,62041072.2849,47997.2556414
115,"RAVENSWORTH","Braddock","Ravensworth Elementary School","5411 Nutting Dr","Springfield",22151,27083322.3179,23376.5164063
704,"FREEDOM HILL","Providence","Freedom Hill Elementary School","1945 Lord Fairfax Rd","Vienna",22182,26529661.5655,26864.3933093
622,"LORTON STATION","Mount Vernon","Lorton Station Elementary School","9298 Lewis Chapel Rd","Lorton",22079,26420174.9386,24666.0859772
321,"CLEARVIEW","Dranesville","Clearview Elementary School","12635 Builders Rd","Herndon",20170,32520931.2755,34144.2969434
325,"HUTCHISON","Dranesville","Hutchison Elementary School","13209 Parcher Ave","Herndon",20170,16315913.9505,17399.0367834
329,"SENECA","Dranesville","Forestville Elementary School","1085 Utterback Store Rd","Great Falls",22066,190144078.916,64282.6080328
203,"FLORIS","Hunter Mill","Floris Elementary School","2708 Centreville Rd","Herndon",20171,39306127.4994,39911.0899882
320,"HERNDON #2","Dranesville","Herndon Community Center","814 Ferndale Ave","Herndon",20170,36514999.6194,28490.5543431
712,"SHREVE","Providence","Shrevewood Elementary School","7525 Shreve Rd","Falls Church",22043,11838958.5158,16856.3247321
608,"KIRKSIDE","Mount Vernon","Hollin Meadows Elementary School","2310 Nordok Pl","Alexandria",22306,26000609.8522,27220.9903284
721,"MERRIFIELD","Providence","Luther Jackson Middle School","3020 Gallows Rd","Falls Church",22042,35971150.4909,28540.5048256
229,"FOX MILL","Hunter Mill","Fox Mill Elementary School","2611 Viking Dr","Herndon",20171,56970888.7115,32949.4628411
225,"TERRASET","Hunter Mill","Terraset Elementary School","11411 Ridge Heights Rd","Reston",20191,20947130.7906,21117.4751233
235,"FRYING PAN","Hunter Mill","Visitor Center at Frying Pan Farm Park","2739 West Ox Rd","Herndon",20171,23918442.4812,22770.5055643
327,"SUGARLAND","Dranesville","Herndon High School","700 Bennett St","Herndon",20170,53520398.6337,35286.6163862
719,"STENWOOD","Providence","Stenwood Elementary School","2620 Gallows Rd","Vienna",22180,13277247.224,22556.8015104
604,"BUCKNELL","Mount Vernon","Bryant Center","2709 Popkins Ln","Alexandria",22306,28703422.7378,31210.8311878
902,"BROOKFIELD","Sully","Brookfield Elementary School","4200 Lees Corner Rd","Chantilly",20151,48913793.9525,34889.8716958
110,"NORTH SPRINGFIELD","Braddock","North Springfield Elementary School","7602 Heming Ct","Springfield",22151,44315822.1686,34873.2631581
609,"MARLAN","Mount Vernon","Paul Spring Retirement Community","7116 Fort Hunt Rd","Alexandria",22307,39488941.4545,33015.4665918
732,"OAK MARR","Providence","Oak Marr Recreation Center","3200 Jermantown Rd","Oakton",22124,91856842.4422,49530.1822403
701,"BLAKE","Providence","Oakton High School","2900 Sutton Rd","Vienna",22181,24604130.8118,23704.3167658
727,"OAKTON","Providence","U. U. Congregation of Fairfax","2709 Hunter Mill Rd","Oakton",22124,35089354.599,24500.6628177
238,"CAMERON GLEN","Hunter Mill","North County Human Services Building","1850 Cameron Glen Dr","Reston",20190,22895764.5756,21126.4350558
319,"HERNDON #1","Dranesville","Herndon Elementary School","630 Dranesville Rd","Herndon",20170,37121871.6833,28111.4724071
236,"STUART","Hunter Mill","Armstrong Elementary School","11900 Lake Newport Rd","Reston",20194,11527661.9407,20484.6774181
324,"HERNDON #3","Dranesville","Herndon Middle School","901 Locust St","Herndon",20170,45528545.9305,27318.1208087
233,"NORTH POINT","Hunter Mill","Armstrong Elementary School","11900 Lake Newport Rd","Reston",20194,49368854.3476,35711.1511027
234,"ALDRIN","Hunter Mill","Aldrin Elementary School","11375 Center Harbor Rd","Reston",20194,49227571.5294,32064.5263378
209,"RESTON #2","Hunter Mill","Forest Edge Elementary School","1501 Becontree Ln","Reston",20190,62451800.24,36217.2029029
208,"RESTON #1","Hunter Mill","Lake Anne Elementary School","11510 North Shore Dr","Reston",20190,33609523.7606,29296.108545
224,"SOUTH LAKES","Hunter Mill","South Lakes High School","11400 South Lakes Dr","Reston",20191,43040929.2667,37656.8525897
220,"DOGWOOD","Hunter Mill","Dogwood Elementary School","12300 Glade Dr","Reston",20191,56670390.4297,32290.5941673
306,"GREAT FALLS","Dranesville","Great Falls Elementary School","701 Walker Rd","Great Falls",22066,207383379.079,75228.3431832
309,"KENMORE","Dranesville","Spring Hill Recreation Center","1239 Spring Hill Rd","McLean",22102,128744153.626,54958.4559841
331,"SPRING HILL","Dranesville","Spring Hill Elementary School","8201 Lewinsville Rd","McLean",22102,37630294.8347,26414.2958409
304,"COOPER","Dranesville","Cooper Middle School","977 Balls Hill Rd","McLean",22101,122440989.983,58073.3720361
314,"MCLEAN","Dranesville","Lewinsville Center","1609 Great Falls St","McLean",22101,36073724.5753,28960.188806
303,"CHURCHILL","Dranesville","Churchill Road Elementary School","7100 Churchill Rd","McLean",22101,21206958.5861,19875.5901581
843,"FAIR LAKES","Springfield","St. Paul Chung Catholic Church","4712 Rippling Pond Dr","Fairfax",22033,31377164.6116,25640.6882748
132,"MONUMENT","Braddock","Fairfax County Government Center","12000 Government Center Pky","Fairfax",22035,26743138.7862,22937.1133001
131,"EAGLE VIEW","Braddock","Eagle View Elementary School","4500 Dixie Hill Rd","Fairfax",22030,62491193.5775,34631.6234109
121,"VILLA","Braddock","Fairfax Villa Elementary School","10900 Santa Clara DR","Fairfax",22030,42724288.9488,34387.9984484
729,"NOTTOWAY","Providence","Hunter House at Nottoway Park","9601 Courthouse Rd","Vienna",22181,27534126.711,30493.3735029
218,"VIENNA #6","Hunter Mill","Madison High School","2500 James Madison Dr","Vienna",22181,22365822.1275,23087.1117454
427,"ISLAND CREEK","Lee","Island Creek Elementary School","7855 Morning View Ln","Alexandria",22315,27556034.1705,29438.7045137
332,"COATES","Dranesville","Coates Elementary School","2480 River Birch Rd","Herndon",20171,42866749.6948,33490.4021955
904,"STONECROFT","Sully","Cub Run Recreation Center","4630 Stonecroft Blvd","Chantilly",20151,139558898.967,49051.2149885
127,"BURKE CENTRE","Braddock","Commons Community Center","5701 Roberts Pky","Burke",22015,31939200.3172,24982.2460719
518,"COLUMBIA","Mason","Annandale Fire Station, Co. #8","7128 Columbia Pike","Annandale",22003,27284244.3833,29743.6176925
503,"BELVEDERE","Mason","Belvedere Elementary School","6540 Columbia Pike","Falls Church",22041,20787248.6321,24575.843816
301,"CHAIN BRIDGE","Dranesville","Langley High School","6520 Georgetown Pike","McLean",22101,54188396.8691,55992.462268
240,"COLVIN","Hunter Mill","The Capital Church","10233 Leesburg Pike","Vienna",22182,84801475.989,45028.07424
322,"FORESTVILLE","Dranesville","Great Falls United Methodist Church","10100 Georgetown Pike","Great Falls",22066,184721169.209,77374.9953585
708,"MARSHALL","Providence","Marshall High School","7731 Leesburg Pike","Falls Church",22043,33444691.7211,26588.9900142
216,"VIENNA #4","Hunter Mill","Cedar Lane School","101 Cedar Lane, SW","Vienna",22180,14400369.7454,20519.8876995
513,"SAINT ALBANS","Mason","Parish Hall, Saint Albans Church","6800 Columbia Pike","Annandale",22003,30637312.5702,34753.1506459
222,"RESTON #3","Hunter Mill","Reston Community Center-Lake Anne","1609-A Washington Plaza","Reston",20190,10088085.731,13150.6967871
328,"HICKORY","Dranesville","Great Falls Library","9830 Georgetown Pike","Great Falls",22066,134597931.296,59171.0544848
311,"LANGLEY","Dranesville","Langley High School","6520 Georgetown Pike","McLean",22101,108239710.429,53700.5956912
213,"VIENNA #1","Hunter Mill","Cunningham Park Elementary School","1001 Park St., SE","Vienna",22180,42931495.9949,39755.3927559
214,"VIENNA #2","Hunter Mill","Vienna Community Center","120 Cherry St., SE","Vienna",22180,42978828.9793,49879.9934098
619,"BELVOIR","Mount Vernon","Kingstowne Library","6500 Landsdowne Centre","Alexandria",22315,190957244.948,61317.8531391
108,"KINGS PARK","Braddock","Kings Park Elementary School","5400 Harrow Way","Springfield",22151,21104274.8853,21356.0973589
718,"PINE RIDGE","Providence","Elks Lodge","8421 Arlington Blvd","Fairfax",22031,32953895.1894,28409.9253216
408,"MOUNT EAGLE","Lee","Mount Eagle Elementary School","6116 North Kings Hwy","Alexandria",22303,14797688.931,17425.0323858
237,"MCNAIR","Hunter Mill","McNair Elementary School","2499 Thomas Jefferson Dr","Herndon",20171,14529906.4519,18744.6756106
854,"NEWGATE SOUTH","Springfield","Centreville High School","6001 Union Mill Rd","Clifton",20124,26447495.0233,25294.8174243
849,"NEWGATE NORTH","Springfield","Centreville High School","6001 Union Mill Rd","Clifton",20124,10734572.6193,15482.7786821
618,"NEWINGTON","Mount Vernon","Newington Forest Elementary School","8001 Newington Forest Ave","Springfield",22153,48755925.0467,29035.6596887
617,"LORTON","Mount Vernon","Lorton Library","9520 Richmond Hwy","Lorton",22079,30327508.653,36845.1852856
410,"ROSE HILL","Lee","Rose Hill Elementary School","6301 Rose Hill Dr","Alexandria",22310,47090944.1732,34451.0862584
420,"VILLAGES","Lee","Hayfield Secondary School","7630 Telegraph Rd","Alexandria",22315,43010966.8978,38333.2879976
423,"CLERMONT","Lee","Clermont Elementary School","5720 Clermont Dr","Alexandria",22310,33958119.4323,28274.8184945
411,"VIRGINIA HILLS","Lee","Virginia Hills Center","6520 Diana Ln","Alexandria",22310,29513152.6878,28475.8235851
405,"GROVETON","Lee","Groveton Elementary School","6900 Harrison Ln","Alexandria",22306,17443793.6271,21541.9062659
429,"HYBLA VALLEY","Lee","Hybla Valley Elementary School","3415 Lockheed Blvd","Alexandria",22306,23108003.2194,25536.0906556
428,"PINEWOOD","Lee","Mt. Vernon Woods Elementary School","4015 Fielding St","Alexandria",22309,18332872.7501,19548.744972
413,"FAIRFIELD","Lee","Mt. Vernon Woods Elementary School","4015 Fielding St","Alexandria",22309,12567033.4983,16850.6539808
525,"WALNUT HILL","Mason","Alan Leis Center at Walnut Hill","7423 Camp Alger Ave","Falls Church",22042,30554448.6716,24584.7289142
508,"MASONVILLE","Mason","MASON CREST ELEMENTARY SCHOOL","3705 Crest Dr","Annandale",22003,30385122.5676,26149.477427
512,"SLEEPY HOLLOW","Mason","Beech Tree Elementary School","3401 Beechtree Ln","Falls Church",22042,20204094.9823,21016.916093
502,"BARCROFT","Mason","Sleepy Hollow Elementary School","3333 Sleepy Hollow Rd","Falls Church",22044,22597056.6844,24255.6861069
506,"HOLMES","Mason","Bailey's Elementary School","6111 Knollwood Dr","Falls Church",22041,23088926.3583,27810.9198769
505,"GLEN FOREST","Mason","Glen Forest Elementary School","5829 Glen Forest Dr","Falls Church",22041,19756190.4196,22126.1874923
501,"BAILEYS","Mason","Bailey's Community Center","5920 Summers LN","Falls Church",22041,21868629.276,23129.6326056
516,"WEYANOKE","Mason","Holmes Middle School","6525 Montrose St","Alexandria",22312,35777849.1942,25140.9084056
527,"EDSALL","Mason","St. John's United Methodist Church","5312 Backlick Rd","Springfield",22151,39107583.8991,28526.9617852
511,"RAVENWOOD","Mason","Stuart High School","3301 Peace Valley Ln","Falls Church",22044,31107976.3159,25284.9565787
802,"CEDAR LAKE","Springfield","VDOT OFFICE BUILDING","4675 Alliance Dr","Fairfax",22033,12108425.9236,14867.0107729
848,"FAIR OAKS","Springfield","Fair Oaks Church Rec Center","4531 West Ox Rd","Fairfax",22030,47037136.5487,32097.6739082
851,"WILLOW SPRINGS","Springfield","Willow Springs Elementary School","5400 Willow Springs School Rd","Fairfax",22030,49314855.6208,33116.3169207
804,"COLCHESTER","Springfield","Mott Community Center","12111 Braddock Rd","Fairfax",22030,118316853.373,52223.7125147
841,"POPES HEAD","Springfield","Living Savior Lutheran Church","5500 Ox Rd","Fairfax Station",22039,71925599.9022,42642.9969877
805,"FAIRFAX STATION","Springfield","St. Peter's in the Woods","5911 Fairview Woods Dr","Fairfax Station",22039,46728386.0019,29741.7350498
815,"WOODYARD","Springfield","Antioch Baptist Church","6531 Little Ox Rd","Fairfax Station",22039,159517787.852,64754.8793298
406,"HAYFIELD","Lee","Hayfield Elementary School","7633 Telegraph Rd","Alexandria",22315,31303251.6504,26193.3621603
404,"FRANCONIA","Lee","Edison High School","5801 Franconia Rd","Alexandria",22310,27360842.9112,22679.9170189
422,"VAN DORN","Lee","Key Middle School","6402 Franconia Rd","Springfield",22150,28492793.22,22552.8259432
844,"CENTERPOINTE","Springfield","Centerpointe Church at Fair Oaks","4104 Legato Rd","Fairfax",22033,20413129.605,24075.5641527
850,"SOUTH RUN","Springfield","South Run Recreation Center","7550 Reservation Dr","Springfield",22153,92299897.0741,53185.2743238
839,"SILVERBROOK","Springfield","Silverbrook Elementary School","9350 Crosspointe Dr","Fairfax Station",22039,36519292.7979,29619.9479728
806,"SYDENSTRICKER","Springfield","SYDENSTRICKER UNITED METHODIST CHURCH","8508 Hooes Rd","Springfield",22152,33286774.1091,30956.6784998
807,"HUNT VALLEY","Springfield","Hunt Valley Elementary School","7107 Sydenstricker Rd","Springfield",22151,21533124.0594,26439.1069699
811,"POHICK","Springfield","St. Andrews Episcopal Church","6509 Sydenstricker Rd","Burke",22015,15364997.7898,18108.7388885
803,"CLIFTON","Springfield","Clifton Presbyterian Church","12748 Richards Ln","Clifton",20124,600217720.253,160237.336889
133,"DANBURY","Braddock","Kings Glen Elementary School","5401 Danbury Forest DR","Springfield",22151,16980758.4169,24535.4847137
118,"LAKE BRADDOCK","Braddock","Lake Braddock Secondary School","9200 Burke Lake Rd","Burke",22015,26090692.2545,31076.5794785
731,"TYSONS","Providence","Providence Committee Meeting Room","7921 Jones Branch Rd","McLean",22102,45531453.2445,30364.5884887
113,"CANTERBURY","Braddock","Canterbury Woods Elementary School","4910 Willet Dr","Annandale",22003,40213336.5247,29369.3778741
117,"WOODSON","Braddock","Woodson High School","9525 Main St","Fairfax",22031,40568910.8165,40646.9776837
202,"FLINT HILL","Hunter Mill","Flint Hill Elementary School","2444 Flint Hill Rd","Vienna",22180,67429283.3911,41460.9316597
204,"MADISON","Hunter Mill","Madison High School","2500 James Madison Dr","Vienna",22181,8088035.58881,12774.1482746
933,"COMPTON","Sully","Centreville Elementary School","14330 Green Trails Blvd","Centreville",20121,4484360.20436,11243.3062271
917,"STONE NORTH","Sully","Stone Middle School","5500 Sully Park Dr","Centreville",20120,20849470.4355,24409.7437483
932,"STONE SOUTH","Sully","Stone Middle School","5500 Sully Park Dr","Centreville",20120,10955595.1305,20447.7215858
910,"LONDON TOWNE #1","Sully","London Towne Elementary School","6100 Stone Rd","Centreville",20120,20163355.9088,21862.3151989
924,"LONDON TOWNE #2","Sully","London Towne Elementary School","6100 Stone Rd","Centreville",20120,9890712.40736,15229.8748287
929,"DIFFICULT RUN","Sully","The Church of the Good Shepherd","2351 Hunter Mill Rd","Vienna",22182,42780275.0824,29997.4495837
914,"VALE","Sully","Crossfield Elementary School","2791 Fox Mill Rd","Vienna",22181,67305618.9321,56177.88143
916,"WAPLES MILL","Sully","Waples Mill Elementary School","11509 Waples Mill Rd","Oakton",22124,106637078.084,57166.8910605
908,"KINROSS EAST","Sully","Oak Hill Elementary School","3210 Kinross Ci","Herndon",20171,22842860.4655,21105.6606781
909,"KINROSS WEST","Sully","Oak Hill Elementary School","3210 Kinross Ci","Herndon",20171,17060484.0535,22083.6051844
905,"FRANKLIN","Sully","Franklin Middle School","3300 Lees Corner Rd","Chantilly",20151,7696603.16665,12869.7603127
927,"LEES CORNER #1","Sully","Lees Corner Elementary School","13500 Hollinger Ave","Fairfax",22033,20189883.4722,21457.8129819
930,"LEES CORNER #2","Sully","Lees Corner Elementary School","13500 Hollinger Ave","Fairfax",22033,20491957.5264,21860.3601491
920,"CHANTILLY","Sully","Chantilly High School","4201 Stringfellow Rd","Chantilly",20151,38829227.3829,34110.5751133
931,"CARSON","Sully","Rachel Carson Middle School","13618 McLearen Rd","Herndon",20171,194363216.83,69053.6606266
613,"WESTGATE","Mount Vernon","Washington Mill Elementary School","9100 Cherrytree Dr","Alexandria",22309,256256705.865,86948.6894238
616,"GUNSTON","Mount Vernon","Gunston Elementary School","10100 Gunston Rd","Lorton",22079,700907809.472,126824.696214
605,"FORT HUNT","Mount Vernon","Fort Hunt Elementary School","8832 Linton Ln","Alexandria",22308,38571960.7477,26256.42455
611,"STRATFORD","Mount Vernon","Stratford Landing Elementary School","8484 Riverside Rd","Alexandria",22308,31694377.761,23892.3402468
614,"RIVERSIDE","Mount Vernon","Riverside Elementary School","8410 Old Mt. Vernon Rd","Alexandria",22309,32284829.5481,30418.5883666
602,"BELLEVIEW","Mount Vernon","Belle View Elementary School","6701 Fort Hunt Rd","Alexandria",22307,46817256.136,30744.3472818
601,"BELLE HAVEN","Mount Vernon","West Potomac High School","6500 Quander Rd","Alexandria",22307,24356507.2114,21918.1065394
621,"GROSVENOR","Mount Vernon","Huntington Community Center","5751 Liberty Dr","Alexandria",22303,10972229.7014,17883.2491932
607,"HUNTINGTON","Mount Vernon","Fairhaven Community Center","2409 Fort Dr","Alexandria",22303,11604929.0135,19621.1825235
703,"FORT BUFFALO","Providence","James Lee Community Center","2855-A Annandale Rd","Falls Church",22042,12607897.0486,18094.8848373
709,"MOSBY","Providence","Mosby Woods Elementary School","9819 Five Oaks Rd","Fairfax",22031,18846257.3833,25473.3520491
717,"WOODBURN","Providence","Woodburn Elementary School","3401 Hemlock Dr","Falls Church",22042,28027592.3011,30414.8823271
921,"DEER PARK","Sully","Deer Park Elementary School","15109 Carlbern Dr","Centreville",20120,51242763.2704,36239.9619045
606,"HOLLIN HALL","Mount Vernon","Hollin Hall Center","1500 Shenandoah Rd","Alexandria",22308,45704266.9255,37311.2693592
610,"SHERWOOD","Mount Vernon","Whitman Middle School","2500 Parkers Ln","Alexandria",22306,22810633.8907,29745.2795769
926,"POWELL","Sully","Powell Elementary School","13340 Leland Rd","Centreville",20120,37076233.903,30630.5060284
109,"LITTLE RUN","Braddock","Little Run Elementary School","4511 Olley Ln","Fairfax",22032,35543376.4976,28301.0920018
316,"SALONA #1","Dranesville","Franklin Sherman Elementary School","6633 Brawner St","McLean",22101,17505029.3235,21836.0281976
333,"SALONA #2","Dranesville","Franklin Sherman Elementary School","6633 Brawner St","McLean",22101,21809831.443,28641.3672068
734,"HUNTERS BRANCH","Providence","Regent's Park Clubhouse","9333 Clocktower Pl","Fairfax",22031,8849602.44438,13327.3985549
134,"UNIVERSITY","Braddock","GMU - University Hall","4441 George Mason Blvd","Fairfax",22030,16736103.4002,19056.9490189
919,"GREEN TRAILS","Sully","Centreville Elementary School","14330 Green Trails Blvd","Centreville",20121,25526875.8304,30940.3151266
509,"PLAZA","Mason","Skyline Plaza Residential Towers","3703 South George Mason Dr","Falls Church",22041,647502.881972,3541.19738471
629,"SOUTH COUNTY","Mount Vernon","South County High School","8501 Silverbrook Rd","Lorton",22079,170274695.129,63613.5147482
626,"SARATOGA","Mount Vernon","Saratoga Elementary School","8111 Northumberland Rd","Springfield",22153,28816026.4666,28082.5748002
627,"WOODLAWN","Mount Vernon","Knights of Columbus","8592 Richmond Hwy","Alexandria",22309,33128494.5119,32175.136944
628,"LAUREL HILL","Mount Vernon","Laurel Hill Elementary School","8390 Laurel Crest Dr","Lorton",22079,62558343.0489,62784.0371553
623,"ALBAN","Mount Vernon","Saratoga Elementary School","8111 Northumberland Rd","Springfield",22153,61416236.6564,44406.2130335
520,"SKYLINE","Mason","Goodwin House Bailey's Crossroads","3440 South Jefferson St","Falls Church",22041,12507744.313,17129.5877831
